{"accuracy": [0.4174250066280365, 0.5428249835968018, 0.5936750173568726], "loss": [1.6122684478759766, 1.2814868688583374, 1.1439729928970337], "val_accuracy": [0.5532000064849854, 0.6019999980926514, 0.6509000062942505], "val_loss": [1.2715487480163574, 1.1360821723937988, 1.0108002424240112]}