{"accuracy": [0.41651999950408936, 0.5443599820137024, 0.5962600111961365, 0.6211000084877014, 0.6424999833106995, 0.6639599800109863, 0.6771799921989441, 0.6905800104141235, 0.7030400037765503, 0.7142199873924255, 0.7239999771118164, 0.734499990940094, 0.7410399913787842, 0.752240002155304, 0.7612199783325195, 0.7670400142669678, 0.7739999890327454, 0.7774400115013123, 0.7839800119400024, 0.7908400297164917], "loss": [1.6053502559661865, 1.2780030965805054, 1.1451730728149414, 1.075116753578186, 1.007951259613037, 0.9517747759819031, 0.9067206978797913, 0.8685605525970459, 0.8332776427268982, 0.794160008430481, 0.7641907930374146, 0.7354267835617065, 0.7109333872795105, 0.6869904398918152, 0.6607343554496765, 0.6422609090805054, 0.619179904460907, 0.6030774116516113, 0.5871621370315552, 0.5689588785171509], "val_accuracy": [0.5659999847412109, 0.6072999835014343, 0.6521000266075134, 0.6621999740600586, 0.6772000193595886, 0.6780999898910522, 0.6931999921798706, 0.6941999793052673, 0.6876000165939331, 0.6934999823570251, 0.6953999996185303, 0.7091000080108643, 0.7046999931335449, 0.7089999914169312, 0.7120000123977661, 0.7059999704360962, 0.7103000283241272, 0.710099995136261, 0.7141000032424927, 0.7056999802589417], "val_loss": [1.2454100847244263, 1.1180235147476196, 1.0201222896575928, 0.968452513217926, 0.9160904288291931, 0.9113221764564514, 0.8921831846237183, 0.8755829334259033, 0.8896058797836304, 0.8800351619720459, 0.8718132972717285, 0.8634418845176697, 0.8833235502243042, 0.8622614145278931, 0.8640632033348083, 0.8964583873748779, 0.8703529238700867, 0.8835791945457458, 0.8988572955131531, 0.9093639850616455]}