{"accuracy": [0.46164000034332275, 0.5778200030326843, 0.6183599829673767, 0.6490600109100342, 0.6759399771690369, 0.699180006980896, 0.7202000021934509, 0.7363399863243103, 0.751800000667572, 0.766759991645813, 0.7818800210952759, 0.799239993095398, 0.8141000270843506, 0.8244400024414062, 0.8421599864959717, 0.8517799973487854, 0.8626999855041504, 0.8768200278282166, 0.88646000623703, 0.8999999761581421], "loss": [1.5152286291122437, 1.205422282218933, 1.0910723209381104, 1.005258560180664, 0.9243929982185364, 0.8612672090530396, 0.799602210521698, 0.7564783692359924, 0.7061781883239746, 0.6651565432548523, 0.621280312538147, 0.5787363052368164, 0.5351598262786865, 0.4987020790576935, 0.45880311727523804, 0.4286681115627289, 0.3981201648712158, 0.356777161359787, 0.3317493498325348, 0.2962381839752197], "val_accuracy": [0.544700026512146, 0.578000009059906, 0.6158000230789185, 0.6103000044822693, 0.6144999861717224, 0.6450999975204468, 0.6456999778747559, 0.651199996471405, 0.6488000154495239, 0.640999972820282, 0.6593999862670898, 0.6481999754905701, 0.6464999914169312, 0.6449000239372253, 0.6449999809265137, 0.6539000272750854, 0.6517000198364258, 0.6442999839782715, 0.6399000287055969, 0.6284999847412109], "val_loss": [1.3018200397491455, 1.1889618635177612, 1.1061294078826904, 1.0879312753677368, 1.110572099685669, 1.0220746994018555, 1.0391852855682373, 1.029054045677185, 1.055877685546875, 1.08750319480896, 1.0481878519058228, 1.1053712368011475, 1.1348615884780884, 1.173529028892517, 1.238618016242981, 1.212498426437378, 1.3083256483078003, 1.3382863998413086, 1.3919473886489868, 1.5151981115341187]}