{"accuracy": [0.395220011472702, 0.46772000193595886, 0.47843998670578003], "loss": [1.7288818359375, 1.534597635269165, 1.4999037981033325], "val_accuracy": [0.5006999969482422, 0.531499981880188, 0.5296000242233276], "val_loss": [1.408914566040039, 1.3238414525985718, 1.3356127738952637]}